{
  "LinearRegression": {
    "MAE": 18233.0,
    "RMSE": 33883.67,
    "R2": 0.7922,
    "Adj_R2": 0.6945,
    "CV_R2_Mean": -1.5076406697466528e+19,
    "CV_R2_Std": 2.274361544215121e+19
  },
  "RidgeRegression": {
    "MAE": 14593.5,
    "RMSE": 20177.88,
    "R2": 0.9263,
    "Adj_R2": 0.8917,
    "CV_R2_Mean": 0.9182,
    "CV_R2_Std": 0.0109,
    "Alpha": 20.0
  }
}